{
  "schema_version": 1,
  "key_field": "question_id",
  "completed_count": 146,
  "completed_keys": [
    "1601.04012::q0",
    "1602.00812::q0",
    "1602.00812::q1",
    "1602.01595::q0",
    "1602.01595::q1",
    "1604.00125::q0",
    "1605.07683::q0",
    "1607.01759::q0",
    "1607.01759::q1",
    "1612.05310::q0",
    "1612.05310::q1",
    "1612.05310::q2",
    "1612.05310::q3",
    "1612.05310::q4",
    "1612.05310::q5",
    "1703.03097::q0",
    "1703.05916::q0",
    "1703.05916::q1",
    "1703.05916::q2",
    "1704.02385::q0",
    "1704.02385::q1",
    "1706.01450::q0",
    "1706.01450::q1",
    "1707.06939::q0",
    "1707.06939::q1",
    "1707.06939::q2",
    "1707.06939::q3",
    "1708.08615::q0",
    "1709.08858::q0",
    "1711.06288::q0",
    "1803.07771::q0",
    "1803.07771::q1",
    "1803.07771::q2",
    "1803.07771::q3",
    "1803.07771::q4",
    "1803.07771::q5",
    "1804.02233::q0",
    "1804.06385::q0",
    "1805.07966::q0",
    "1807.09000::q0",
    "1807.09000::q1",
    "1809.01500::q0",
    "1810.08732::q0",
    "1810.08732::q1",
    "1810.12885::q0",
    "1810.13024::q0",
    "1812.10860::q0",
    "1901.09755::q0",
    "1901.09755::q1",
    "1901.09755::q2",
    "1901.09755::q3",
    "1903.00172::q0",
    "1903.00172::q1",
    "1903.00172::q2",
    "1903.00172::q3",
    "1903.00172::q4",
    "1904.12535::q0",
    "1904.12535::q1",
    "1904.12535::q2",
    "1906.05012::q0",
    "1906.05474::q0",
    "1906.05474::q1",
    "1907.01413::q0",
    "1907.01413::q1",
    "1907.01413::q2",
    "1907.01413::q3",
    "1907.01413::q4",
    "1907.01413::q5",
    "1907.01413::q6",
    "1907.01413::q7",
    "1908.01060::q0",
    "1908.01060::q1",
    "1908.01060::q2",
    "1908.06606::q0",
    "1908.06606::q1",
    "1908.06606::q10",
    "1908.06606::q11",
    "1908.06606::q2",
    "1908.06606::q3",
    "1908.06606::q4",
    "1908.06606::q5",
    "1908.06606::q6",
    "1908.06606::q7",
    "1908.06606::q8",
    "1908.06606::q9",
    "1908.06809::q0",
    "1908.06809::q1",
    "1908.06809::q2",
    "1908.06809::q3",
    "1909.00279::q0",
    "1909.00279::q1",
    "1909.00279::q2",
    "1909.08103::q0",
    "1910.13215::q0",
    "1910.13215::q1",
    "1911.00523::q0",
    "1911.00523::q1",
    "1911.00523::q2",
    "1911.00523::q3",
    "1911.00523::q4",
    "1911.00523::q5",
    "1911.00523::q6",
    "1911.03648::q0",
    "1911.03705::q0",
    "1911.03705::q1",
    "1911.03705::q2",
    "1911.03705::q3",
    "1911.03705::q4",
    "1911.03705::q5",
    "1911.11698::q0",
    "1911.11698::q1",
    "1911.11698::q2",
    "1911.11698::q3",
    "1911.11698::q4",
    "1912.08320::q0",
    "1912.08320::q1",
    "1912.08320::q2",
    "1912.08320::q3",
    "2001.07209::q0",
    "2001.07209::q1",
    "2001.07209::q2",
    "2001.07209::q3",
    "2001.07209::q4",
    "2001.07209::q5",
    "2001.11899::q0",
    "2002.02800::q0",
    "2003.00639::q0",
    "2003.00639::q1",
    "2003.00639::q2",
    "2003.00639::q3",
    "2003.00639::q4",
    "2003.00639::q5",
    "2003.04748::q0",
    "2003.04967::q0",
    "2003.04967::q1",
    "2003.04967::q2",
    "2003.04967::q3",
    "2003.07433::q0",
    "2003.07433::q1",
    "2003.07433::q2",
    "2003.07433::q3",
    "2003.07433::q4",
    "2003.07433::q5",
    "2003.08132::q0",
    "2003.08132::q1",
    "2003.08132::q2"
  ],
  "updated_at": "2026-04-20T23:56:05Z"
}