{
  "seed": 20260420,
  "target_size": 240,
  "selected_question_ids": [
    "1503.00841::q3",
    "1601.02403::q2",
    "1603.01514::q1",
    "1603.08594::q1",
    "1604.00400::q0",
    "1604.00727::q0",
    "1604.08504::q0",
    "1605.03481::q1",
    "1605.06083::q2",
    "1605.07333::q0",
    "1606.02891::q0",
    "1606.03676::q0",
    "1608.01884::q0",
    "1608.06757::q0",
    "1609.00425::q1",
    "1609.00559::q1",
    "1610.00956::q2",
    "1610.07809::q2",
    "1610.08815::q1",
    "1610.09225::q2",
    "1611.01576::q0",
    "1611.02988::q1",
    "1611.03599::q4",
    "1611.04798::q3",
    "1611.08661::q3",
    "1612.02482::q0",
    "1612.03226::q2",
    "1612.06685::q1",
    "1612.08205::q0",
    "1701.04056::q0",
    "1701.08229::q2",
    "1702.03342::q2",
    "1702.03856::q2",
    "1703.04001::q2",
    "1703.07090::q0",
    "1703.07476::q1",
    "1703.10344::q0",
    "1704.04452::q0",
    "1704.06194::q0",
    "1705.01265::q1",
    "1705.04153::q0",
    "1706.00139::q1",
    "1706.01678::q3",
    "1706.01875::q3",
    "1706.06894::q4",
    "1706.08198::q0",
    "1706.09673::q1",
    "1707.03569::q1",
    "1707.05236::q4",
    "1707.06806::q1",
    "1708.01464::q3",
    "1708.06185::q1",
    "1709.05036::q1",
    "1709.07814::q2",
    "1709.10367::q3",
    "1710.03348::q2",
    "1710.07960::q1",
    "1712.00991::q3",
    "1712.05608::q1",
    "1712.05608::q2",
    "1712.05999::q1",
    "1801.02073::q0",
    "1801.10293::q2",
    "1802.00396::q2",
    "1802.06024::q3",
    "1802.07862::q3",
    "1802.08636::q1",
    "1803.05223::q3",
    "1803.09123::q0",
    "1804.00720::q0",
    "1804.07789::q1",
    "1804.11346::q1",
    "1805.01445::q0",
    "1805.03710::q0",
    "1805.04508::q0",
    "1805.06966::q0",
    "1805.07133::q2",
    "1805.10824::q0",
    "1806.00738::q1",
    "1806.03125::q0",
    "1806.04511::q4",
    "1806.05504::q0",
    "1806.05513::q3",
    "1806.11432::q2",
    "1807.07279::q0",
    "1808.03738::q1",
    "1808.09111::q1",
    "1808.10245::q2",
    "1809.00530::q0",
    "1809.00540::q0",
    "1809.01541::q2",
    "1809.02279::q0",
    "1809.03449::q0",
    "1809.04267::q0",
    "1809.06537::q4",
    "1809.09194::q0",
    "1810.04428::q2",
    "1810.04635::q0",
    "1810.05241::q0",
    "1810.08699::q2",
    "1810.12085::q0",
    "1810.12196::q4",
    "1811.00147::q1",
    "1811.00383::q1",
    "1811.05711::q0",
    "1811.08603::q3",
    "1812.10479::q0",
    "1901.01010::q8",
    "1901.05287::q0",
    "1901.10133::q4",
    "1902.09243::q2",
    "1902.09666::q2",
    "1903.03530::q1",
    "1903.09722::q1",
    "1903.11283::q1",
    "1903.11437::q0",
    "1904.01548::q0",
    "1904.03288::q0",
    "1904.04358::q0",
    "1904.07904::q3",
    "1904.10503::q0",
    "1905.07791::q2",
    "1905.10851::q2",
    "1905.11268::q5",
    "1905.12801::q4",
    "1906.00346::q0",
    "1906.00790::q0",
    "1906.01081::q0",
    "1906.01081::q2",
    "1906.06849::q1",
    "1906.07662::q3",
    "1906.08593::q1",
    "1906.10225::q3",
    "1907.06292::q2",
    "1907.09369::q0",
    "1908.01294::q0",
    "1908.04042::q2",
    "1908.05441::q2",
    "1908.05828::q4",
    "1908.06264::q2",
    "1908.06267::q3",
    "1908.06941::q3",
    "1908.07195::q1",
    "1908.07245::q1",
    "1908.08345::q1",
    "1908.08717::q2",
    "1908.09246::q4",
    "1908.10084::q1",
    "1908.11047::q1",
    "1909.00015::q2",
    "1909.00105::q5",
    "1909.00175::q3",
    "1909.00326::q1",
    "1909.01296::q3",
    "1909.01383::q3",
    "1909.02027::q3",
    "1909.03135::q2",
    "1909.03405::q2",
    "1909.03582::q3",
    "1909.06162::q3",
    "1909.06200::q4",
    "1909.08089::q1",
    "1909.08970::q0",
    "1909.09067::q1",
    "1909.09534::q1",
    "1909.09551::q0",
    "1909.09587::q1",
    "1909.10012::q2",
    "1909.11687::q0",
    "1909.13104::q7",
    "1909.13714::q0",
    "1910.01863::q0",
    "1910.03634::q4",
    "1910.05603::q1",
    "1910.06036::q3",
    "1910.06592::q7",
    "1910.07601::q2",
    "1910.08293::q1",
    "1910.09982::q2",
    "1910.10781::q1",
    "1910.12574::q1",
    "1910.12795::q0",
    "1910.14076::q2",
    "1910.14537::q2",
    "1911.00841::q2",
    "1911.01371::q1",
    "1911.02855::q3",
    "1911.03059::q1",
    "1911.06964::q0",
    "1911.07555::q5",
    "1911.10049::q1",
    "1912.00667::q4",
    "1912.00903::q1",
    "1912.01214::q2",
    "1912.01772::q0",
    "1912.01852::q1",
    "1912.03627::q0",
    "1912.03804::q0",
    "1912.04961::q1",
    "1912.06262::q1",
    "1912.08904::q4",
    "1912.08960::q1",
    "1912.10011::q1",
    "1912.13337::q1",
    "2001.01269::q3",
    "2001.02284::q0",
    "2001.02885::q1",
    "2001.03131::q0",
    "2001.05865::q1",
    "2001.07786::q1",
    "2001.07820::q0",
    "2001.08868::q2",
    "2001.09215::q0",
    "2002.01207::q3",
    "2002.01320::q3",
    "2002.01664::q0",
    "2002.01984::q1",
    "2002.02070::q0",
    "2002.03407::q2",
    "2002.04095::q0",
    "2002.04181::q1",
    "2002.07306::q4",
    "2002.08795::q1",
    "2002.11910::q0",
    "2002.12612::q0",
    "2003.02249::q1",
    "2003.03014::q2",
    "2003.03044::q0",
    "2003.03106::q2",
    "2003.04642::q3",
    "2003.08385::q3",
    "2003.11562::q0",
    "2003.11563::q0",
    "2003.11645::q3",
    "2003.13032::q4",
    "2004.01853::q1",
    "2004.01862::q1",
    "2004.02192::q4",
    "2004.03354::q1",
    "2004.04721::q6"
  ],