{
  "canonical_model_name": "bridge_final",
  "final_segmentation_mode": "seg_paragraph_pair",
  "recomputed_from_cleaned_codepath": true,
  "source_artifact": "artifacts/final_qasper_all_splits_results.json",
  "final_model_config": {
    "seed_retrieval_mode": "hybrid",
    "seed_dense_weight": 1.0,
    "seed_sparse_weight": 0.5,
    "segmentation_mode": "seg_paragraph_pair",
    "bridge_design": "Bridge v2 skip-local",
    "max_skip_distance": 2,
    "top_bridge_candidates_per_seed": 1,
    "continuity_mode": "idf_overlap",
    "section_scoring": false,
    "adaptive_trigger": false,
    "reranker": false,
    "diversification": false
  },
  "split_results": {
    "train": {
      "queries": 2593,
      "seed_hit_rate": 0.25260316236020053,
      "recall_at_k": 0.998843038951022,
      "mrr": 0.998843038951022,
      "evidence_hit_rate": 0.802159660624759,
      "beyond_adjacency_subset_size": 1107,
      "beyond_adjacency_evidence_hit_rate": 0.985546522131888
    },
    "validation": {
      "queries": 1005,
      "seed_hit_rate": 0.3154228855721393,
      "recall_at_k": 1.0,
      "mrr": 1.0,
      "evidence_hit_rate": 0.8796019900497513,
      "beyond_adjacency_subset_size": 414,
      "beyond_adjacency_evidence_hit_rate": 0.9903381642512077
    },
    "test": {
      "queries": 1451,
      "seed_hit_rate": 0.3680220537560303,
      "recall_at_k": 1.0,
      "mrr": 1.0,
      "evidence_hit_rate": 0.8986905582356995,
      "beyond_adjacency_subset_size": 558,
      "beyond_adjacency_evidence_hit_rate": 0.9910394265232975
    }
  },
  "baseline_comparisons": {
    "train": {
      "adjacency": 0.7778634785962206,
      "bridge_v1": 0.7782491322792132,
      "bridge_v2": 0.7967605090628616,
      "bridge_final": 0.802159660624759
    },
    "validation": {
      "adjacency": 0.8517412935323383,
      "bridge_v1": 0.8517412935323383,
      "bridge_v2": 0.8786069651741294,
      "bridge_final": 0.8796019900497513
    },
    "test": {
      "adjacency": 0.8787043418332184,
      "bridge_v1": 0.8787043418332184,
      "bridge_v2": 0.8945554789800138,
      "bridge_final": 0.8986905582356995
    }
  }
}
