{
  "subset_path": "data/\qasper_subset_debug_10.json",
  "embedder": "bge",
  "max_papers": 10,
  "max_qas": 1000,
  "k": 5,
  "radius": 1,
  "top_m": 2,
  "context_budget": 20,
  "metrics": {
    "flat": {
      "queries": 51.0,
      "recall_at_k": 0.8627450980392157,
      "mrr": 0.8627450980392157,
      "evidence_hit_rate": 0.4117647058823529
    },
    "adjacency": {
      "queries": 51.0,
      "recall_at_k": 0.8627450980392157,
      "mrr": 0.8627450980392157,
      "evidence_hit_rate": 0.49019607843137253
    },
    "bridge": {
      "queries": 51.0,
      "recall_at_k": 0.8627450980392157,
      "mrr": 0.8627450980392157,
      "evidence_hit_rate": 0.49019607843137253
    }
  }
}